Time, Spread %, Funding Rate %/H, Funding Rate %/W, Profit W, Effective Rate %/W, Funding Rate %/M, Profit M, Effective Rate %/M, Funding Rate %/Y, Profit Y, Effective Rate %/Y
2021-11-08 15:59:07,-0.0006930359131221385,0.0026999999999999997,0.45359999999999995,31.418607182624413,0.31418607182624414,1.944,159.16717861119585,1.5916717861119585,23.651999999999997,2019.85289289691,20.198528928969097
