Time, Spread %, Funding Rate %/H, Funding Rate %/W, Profit W, Effective Rate %/W, Funding Rate %/M, Profit M, Effective Rate %/M, Funding Rate %/Y, Profit Y, Effective Rate %/Y
2021-11-08 15:59:07,-0.017292347724412963,0.0013,0.2184,12.238469544882594,0.12238469544882595,0.936,66.0584695448826,0.6605846954488259,11.388,849.9584695448825,8.499584695448824
