Time, Spread %, Funding Rate %/H, Funding Rate %/W, Profit W, Effective Rate %/W, Funding Rate %/M, Profit M, Effective Rate %/M, Funding Rate %/Y, Profit Y, Effective Rate %/Y
2021-11-08 15:59:07,0.09319479695432648,0.0044,0.7392000000000001,29.201040609134708,0.29201040609134704,3.168,211.3610406091347,2.113610406091347,38.544,2864.561040609135,28.64561040609135
