Time, Spread %, Funding Rate %/H, Funding Rate %/W, Profit W, Effective Rate %/W, Funding Rate %/M, Profit M, Effective Rate %/M, Funding Rate %/Y, Profit Y, Effective Rate %/Y
2021-11-08 15:59:07,0.06992224646193432,0.0033000000000000004,0.5544,19.99555070761314,0.1999555070761314,2.3760000000000003,156.61555070761315,1.5661555070761315,28.908,2146.5155507076133,21.465155507076133
