Time, Spread %, Funding Rate %/H, Funding Rate %/W, Profit W, Effective Rate %/W, Funding Rate %/M, Profit M, Effective Rate %/M, Funding Rate %/Y, Profit Y, Effective Rate %/Y
2021-11-08 15:59:07,0.07964620318164096,0.00039999999999999996,0.06720000000000001,-17.929240636328192,-0.17929240636328192,0.28800000000000003,0.4707593636718084,0.004707593636718084,3.504,268.47075936367185,2.6847075936367184
