Time, Spread %, Funding Rate %/H, Funding Rate %/W, Profit W, Effective Rate %/W, Funding Rate %/M, Profit M, Effective Rate %/M, Funding Rate %/Y, Profit Y, Effective Rate %/Y
2021-11-08 15:59:07,0.18228511002567555,0.0044,0.7392000000000001,19.30297799486489,0.1930297799486489,3.168,227.485835137722,2.2748583513772203,38.544,3259.7144065662933,32.59714406566293
